{
  "is": "issue",
  "title": "{{ .Title }}",
  "createdAt": "{{ .Date }}",
  "lastMod": "{{ .Lastmod }}",
  "permalink": "{{ .Permalink }}",
  "severity": "{{ .Params.severity }}",
  "resolved": {{ if .Params.resolved }}true{{ else }}false{{ end }},
  "informational": {{ if .Params.informational }}true{{ else }}false{{ end }},
  "resolvedAt": "{{ .Params.resolvedWhen }}",
  "affected": [{{ range $i, $e := .Params.Affected }}{{ if $i }}, {{ end }}"{{ . }}"{{ end }}],
  "filename": "{{ .File.LogicalName }}"
}